{
  "epochs": [
    1,
    2,
    3,
    4,
    5,
    6,
    7,
    8,
    9,
    10,
    11
  ],
  "train_loss": [
    5.777,
    5.217,
    4.334,
    4.071,
    3.928,
    3.851,
    3.777,
    3.731,
    3.706,
    3.693,
    3.659
  ],
  "valid_loss": [
    5.742,
    4.535,
    4.095,
    4.023,
    3.886,
    3.873,
    3.822,
    3.826,
    3.812,
    3.799,
    3.798
  ],
  "train_ppl": [
    0,
    0,
    0,
    0,
    0,
    0,
    0,
    0,
    0,
    0,
    0
  ],
  "valid_ppl": [
    0,
    0,
    0,
    0,
    0,
    0,
    0,
    0,
    0,
    0,
    0
  ],
  "learning_rate": [
    0.0004,
    0.000392,
    0.00037647679999999994,
    0.0003543369523455999,
    0.00032682912275501866,
    0.00029542764105816143,
    0.0002617023249279969,
    0.00022719047038002367,
    0.00019328525128228655,
    0.00016115114570937008,
    0.00013167221895789904
  ]
}