{
  "epochs": [
    1,
    2,
    3,
    4,
    5,
    6,
    7,
    8,
    9,
    10,
    11
  ],
  "train_loss": [
    5.505,
    4.323,
    3.855,
    3.727,
    3.63,
    3.587,
    3.533,
    3.512,
    3.493,
    3.465,
    3.44
  ],
  "valid_loss": [
    4.97,
    3.932,
    3.878,
    3.819,
    3.76,
    3.765,
    3.696,
    3.792,
    3.741,
    3.74,
    3.613
  ],
  "train_ppl": [
    0,
    0,
    0,
    0,
    0,
    0,
    0,
    0,
    0,
    0,
    0
  ],
  "valid_ppl": [
    0,
    0,
    0,
    0,
    0,
    0,
    0,
    0,
    0,
    0,
    0
  ],
  "learning_rate": [
    0.0004,
    0.000392,
    0.00037647679999999994,
    0.0003543369523455999,
    0.00032682912275501866,
    0.00029542764105816143,
    0.0002617023249279969,
    0.00022719047038002367,
    0.00019328525128228655,
    0.00016115114570937008,
    0.00013167221895789904
  ],
  "test_results": {
    "avg_loss": 3.946458491314663,
    "acc1": 18.62297646046766,
    "acc5": 59.307108782357076,
    "acc1_any": 18.62297646046766,
    "acc5_any": 59.307108782357076
  }
}