{
  "epochs": [
    1,
    2,
    3,
    4
  ],
  "train_loss": [
    4.463,
    3.712,
    3.549,
    3.52
  ],
  "valid_loss": [
    3.85,
    3.721,
    3.779,
    3.74
  ],
  "train_ppl": [
    0,
    0,
    0,
    0
  ],
  "valid_ppl": [
    0,
    0,
    0,
    0
  ],
  "learning_rate": [
    0.0015,
    0.00147,
    0.0014117879999999998,
    0.0013287635712959996
  ],
  "test_results": {
    "avg_loss": 3.8527741330393246,
    "acc1": 8.193008524282474,
    "acc5": 32.775787909595685,
    "acc1_any": 8.193008524282474,
    "acc5_any": 32.775787909595685
  }
}