{
  "epochs": [
    1,
    2,
    3,
    4,
    5,
    6,
    7,
    8,
    9,
    10,
    11
  ],
  "train_loss": [
    4.66,
    3.785,
    3.603,
    3.54,
    3.481,
    3.475,
    3.449,
    3.442,
    3.427,
    3.421,
    3.413
  ],
  "valid_loss": [
    3.943,
    3.763,
    3.756,
    3.733,
    3.7,
    3.716,
    3.714,
    3.74,
    3.584,
    3.707,
    3.699
  ],
  "train_ppl": [
    0,
    0,
    0,
    0,
    0,
    0,
    0,
    0,
    0,
    0,
    0
  ],
  "valid_ppl": [
    0,
    0,
    0,
    0,
    0,
    0,
    0,
    0,
    0,
    0,
    0
  ],
  "learning_rate": [
    0.001,
    0.00098,
    0.0009411919999999999,
    0.0008858423808639998,
    0.0008170728068875466,
    0.0007385691026454036,
    0.0006542558123199923,
    0.0005679761759500592,
    0.00048321312820571636,
    0.0004028778642734252,
    0.0003291805473947476
  ]
}