{
  "epochs": [
    1,
    2,
    3,
    4,
    5,
    6,
    7,
    8,
    9,
    10,
    11
  ],
  "train_loss": [
    4.809,
    3.844,
    3.664,
    3.558,
    3.494,
    3.452,
    3.41,
    3.367,
    3.355,
    3.337,
    3.324
  ],
  "valid_loss": [
    4.012,
    3.813,
    3.781,
    3.742,
    3.685,
    3.689,
    3.724,
    3.773,
    3.685,
    3.688,
    3.683
  ],
  "train_ppl": [
    0,
    0,
    0,
    0,
    0,
    0,
    0,
    0,
    0,
    0,
    0
  ],
  "valid_ppl": [
    0,
    0,
    0,
    0,
    0,
    0,
    0,
    0,
    0,
    0,
    0
  ],
  "learning_rate": [
    0.0004,
    0.000392,
    0.00037647679999999994,
    0.0003543369523455999,
    0.00032682912275501866,
    0.00029542764105816143,
    0.0002617023249279969,
    0.00022719047038002367,
    0.00019328525128228655,
    0.00016115114570937008,
    0.00013167221895789904
  ],
  "test_results": {
    "avg_loss": 4.13518041760734,
    "acc1": 16.647845468053493,
    "acc5": 40.32188941894111,
    "acc1_any": 16.647845468053493,
    "acc5_any": 40.32188941894111
  }
}