{
  "epochs": [
    1,
    2,
    3,
    4,
    5,
    6,
    7,
    8,
    9,
    10,
    11
  ],
  "train_loss": [
    5.659,
    4.459,
    4.065,
    3.906,
    3.808,
    3.734,
    3.698,
    3.673,
    3.633,
    3.613,
    3.621
  ],
  "valid_loss": [
    5.057,
    4.036,
    3.894,
    3.858,
    3.813,
    3.825,
    3.81,
    3.823,
    3.802,
    3.784,
    3.789
  ],
  "train_ppl": [
    0,
    0,
    0,
    0,
    0,
    0,
    0,
    0,
    0,
    0,
    0
  ],
  "valid_ppl": [
    0,
    0,
    0,
    0,
    0,
    0,
    0,
    0,
    0,
    0,
    0
  ],
  "learning_rate": [
    0.0004,
    0.000392,
    0.00037647679999999994,
    0.0003543369523455999,
    0.00032682912275501866,
    0.00029542764105816143,
    0.0002617023249279969,
    0.00022719047038002367,
    0.00019328525128228655,
    0.00016115114570937008,
    0.00013167221895789904
  ],
  "test_results": {
    "avg_loss": 3.9354818504847837,
    "acc1": 25.513412059122548,
    "acc5": 59.623993118010475,
    "acc1_any": 25.513412059122548,
    "acc5_any": 59.623993118010475
  }
}