{
  "epochs": [
    1,
    2,
    3,
    4,
    5,
    6,
    7,
    8,
    9,
    10,
    11
  ],
  "train_loss": [
    5.577,
    4.323,
    3.974,
    3.814,
    3.731,
    3.678,
    3.63,
    3.62,
    3.57,
    3.556,
    3.549
  ],
  "valid_loss": [
    4.689,
    3.997,
    3.902,
    3.846,
    3.779,
    3.804,
    3.809,
    3.819,
    3.776,
    3.761,
    3.766
  ],
  "train_ppl": [
    0,
    0,
    0,
    0,
    0,
    0,
    0,
    0,
    0,
    0,
    0
  ],
  "valid_ppl": [
    0,
    0,
    0,
    0,
    0,
    0,
    0,
    0,
    0,
    0,
    0
  ],
  "learning_rate": [
    0.0004,
    0.000392,
    0.00037647679999999994,
    0.0003543369523455999,
    0.00032682912275501866,
    0.00029542764105816143,
    0.0002617023249279969,
    0.00022719047038002367,
    0.00019328525128228655,
    0.00016115114570937008,
    0.00013167221895789904
  ],
  "test_results": {
    "avg_loss": 3.8948246977302468,
    "acc1": 22.181277860326894,
    "acc5": 60.94033002267928,
    "acc1_any": 22.181277860326894,
    "acc5_any": 60.94033002267928
  }
}