{
  "epochs": [
    1,
    2,
    3,
    4
  ],
  "train_loss": [
    4.684,
    3.777,
    3.598,
    3.532
  ],
  "valid_loss": [
    3.904,
    3.789,
    3.797,
    3.718
  ],
  "train_ppl": [
    0,
    0,
    0,
    0
  ],
  "valid_ppl": [
    0,
    0,
    0,
    0
  ],
  "learning_rate": [
    0.001,
    0.00098,
    0.0009411919999999999,
    0.0008858423808639998
  ]
}