{
  "epochs": [
    1,
    2,
    3,
    4
  ],
  "train_loss": [
    4.684,
    3.777,
    3.598,
    3.532
  ],
  "valid_loss": [
    3.904,
    3.789,
    3.797,
    3.718
  ],
  "train_ppl": [
    0,
    0,
    0,
    0
  ],
  "valid_ppl": [
    0,
    0,
    0,
    0
  ],
  "learning_rate": [
    0.001,
    0.00098,
    0.0009411919999999999,
    0.0008858423808639998
  ],
  "test_results": {
    "avg_loss": 3.8047759393627723,
    "acc1": 11.45225619770079,
    "acc5": 41.42895127864237,
    "acc1_any": 11.45225619770079,
    "acc5_any": 41.42895127864237
  }
}