{
  "epochs": [
    1,
    2,
    3,
    4
  ],
  "train_loss": [
    4.887,
    3.842,
    3.651,
    3.553
  ],
  "valid_loss": [
    3.97,
    3.794,
    3.781,
    3.756
  ],
  "train_ppl": [
    0,
    0,
    0,
    0
  ],
  "valid_ppl": [
    0,
    0,
    0,
    0
  ],
  "learning_rate": [
    0.00075,
    0.000735,
    0.0007058939999999999,
    0.0006643817856479998
  ]
}