{
  "epochs": [
    1,
    2,
    3,
    4,
    5,
    6,
    7,
    8,
    9,
    10,
    11
  ],
  "train_loss": [
    5.054,
    3.927,
    3.746,
    3.625,
    3.54,
    3.503,
    3.451,
    3.429,
    3.393,
    3.377,
    3.354
  ],
  "valid_loss": [
    4.043,
    3.725,
    3.843,
    3.774,
    3.718,
    3.719,
    3.756,
    3.766,
    3.703,
    3.698,
    3.71
  ],
  "train_ppl": [
    0,
    0,
    0,
    0,
    0,
    0,
    0,
    0,
    0,
    0,
    0
  ],
  "valid_ppl": [
    0,
    0,
    0,
    0,
    0,
    0,
    0,
    0,
    0,
    0,
    0
  ],
  "learning_rate": [
    0.0004,
    0.000392,
    0.00037647679999999994,
    0.0003543369523455999,
    0.00032682912275501866,
    0.00029542764105816143,
    0.0002617023249279969,
    0.00022719047038002367,
    0.00019328525128228655,
    0.00016115114570937008,
    0.00013167221895789904
  ],
  "test_results": {
    "avg_loss": 4.072792018397471,
    "acc1": 20.80206459685618,
    "acc5": 41.84812700398843,
    "acc1_any": 20.80206459685618,
    "acc5_any": 41.84812700398843
  }
}