{
  "epochs": [
    1,
    2,
    3,
    4,
    5,
    6,
    7,
    8,
    9,
    10,
    11
  ],
  "train_loss": [
    5.833,
    4.683,
    4.265,
    4.053,
    3.939,
    3.889,
    3.834,
    3.821,
    3.772,
    3.749,
    3.772
  ],
  "valid_loss": [
    5.157,
    4.102,
    3.948,
    3.885,
    3.857,
    3.865,
    3.863,
    3.863,
    3.857,
    3.849,
    3.833
  ],
  "train_ppl": [
    0,
    0,
    0,
    0,
    0,
    0,
    0,
    0,
    0,
    0,
    0
  ],
  "valid_ppl": [
    0,
    0,
    0,
    0,
    0,
    0,
    0,
    0,
    0,
    0,
    0
  ],
  "learning_rate": [
    0.0004,
    0.000392,
    0.00037647679999999994,
    0.0003543369523455999,
    0.00032682912275501866,
    0.00029542764105816143,
    0.0002617023249279969,
    0.00022719047038002367,
    0.00019328525128228655,
    0.00016115114570937008,
    0.00013167221895789904
  ],
  "test_results": {
    "avg_loss": 3.991796332262875,
    "acc1": 17.62540079768515,
    "acc5": 54.39774771252053,
    "acc1_any": 17.62540079768515,
    "acc5_any": 54.39774771252053
  }
}