{
  "epochs": [
    1,
    2,
    3,
    4
  ],
  "train_loss": [
    5.261,
    4.025,
    3.766,
    3.648
  ],
  "valid_loss": [
    4.213,
    3.905,
    3.835,
    3.785
  ],
  "train_ppl": [
    0,
    0,
    0,
    0
  ],
  "valid_ppl": [
    0,
    0,
    0,
    0
  ],
  "learning_rate": [
    0.0005,
    0.00049,
    0.00047059599999999994,
    0.0004429211904319999
  ]
}