{
  "epochs": [
    1,
    2,
    3,
    4
  ],
  "train_loss": [
    4.543,
    3.724,
    3.573,
    3.509
  ],
  "valid_loss": [
    3.886,
    3.762,
    3.734,
    3.738
  ],
  "train_ppl": [
    0,
    0,
    0,
    0
  ],
  "valid_ppl": [
    0,
    0,
    0,
    0
  ],
  "learning_rate": [
    0.00125,
    0.001225,
    0.0011764899999999999,
    0.0011073029760799997
  ]
}