{
  "epochs": [
    1,
    2,
    3,
    4,
    5,
    6,
    7,
    8,
    9,
    10,
    11
  ],
  "train_loss": [
    5.785,
    5.625,
    5.358,
    4.74,
    4.336,
    4.214,
    4.09,
    4.033,
    3.972,
    3.926,
    3.887
  ],
  "valid_loss": [
    5.983,
    5.738,
    5.209,
    4.376,
    4.218,
    4.101,
    4.05,
    4.037,
    3.982,
    3.943,
    3.942
  ],
  "train_ppl": [
    0,
    0,
    0,
    0,
    0,
    0,
    0,
    0,
    0,
    0,
    0
  ],
  "valid_ppl": [
    0,
    0,
    0,
    0,
    0,
    0,
    0,
    0,
    0,
    0,
    0
  ],
  "learning_rate": [
    0.0001,
    9.8e-05,
    9.411919999999998e-05,
    8.858423808639998e-05,
    8.170728068875466e-05,
    7.385691026454036e-05,
    6.542558123199922e-05,
    5.679761759500592e-05,
    4.832131282057164e-05,
    4.028778642734252e-05,
    3.291805473947476e-05
  ]
}