{
  "epochs": [
    1,
    2,
    3,
    4,
    5,
    6,
    7,
    8,
    9,
    10,
    11
  ],
  "train_loss": [
    5.633,
    4.959,
    4.323,
    3.948,
    3.822,
    3.755,
    3.703,
    3.686,
    3.66,
    3.634,
    3.613
  ],
  "valid_loss": [
    5.506,
    4.75,
    4.132,
    3.953,
    3.89,
    3.879,
    3.859,
    3.859,
    3.826,
    3.708,
    3.818
  ],
  "train_ppl": [
    0,
    0,
    0,
    0,
    0,
    0,
    0,
    0,
    0,
    0,
    0
  ],
  "valid_ppl": [
    0,
    0,
    0,
    0,
    0,
    0,
    0,
    0,
    0,
    0,
    0
  ],
  "learning_rate": [
    0.0004,
    0.000392,
    0.00037647679999999994,
    0.0003543369523455999,
    0.00032682912275501866,
    0.00029542764105816143,
    0.0002617023249279969,
    0.00022719047038002367,
    0.00019328525128228655,
    0.00016115114570937008,
    0.00013167221895789904
  ],
  "test_results": {
    "avg_loss": 3.9708557643247455,
    "acc1": 18.17783686556659,
    "acc5": 51.89239070931415,
    "acc1_any": 18.17783686556659,
    "acc5_any": 51.89239070931415
  }
}