{
  "epochs": [
    1,
    2,
    3,
    4,
    5,
    6,
    7,
    8,
    9,
    10,
    11
  ],
  "train_loss": [
    5.45,
    4.126,
    3.832,
    3.704,
    3.647,
    3.596,
    3.55,
    3.501,
    3.466,
    3.458,
    3.44
  ],
  "valid_loss": [
    4.404,
    3.934,
    3.894,
    3.842,
    3.761,
    3.769,
    3.752,
    3.784,
    3.621,
    3.609,
    3.726
  ],
  "train_ppl": [
    0,
    0,
    0,
    0,
    0,
    0,
    0,
    0,
    0,
    0,
    0
  ],
  "valid_ppl": [
    0,
    0,
    0,
    0,
    0,
    0,
    0,
    0,
    0,
    0,
    0
  ],
  "learning_rate": [
    0.0004,
    0.000392,
    0.00037647679999999994,
    0.0003543369523455999,
    0.00032682912275501866,
    0.00029542764105816143,
    0.0002617023249279969,
    0.00022719047038002367,
    0.00019328525128228655,
    0.00016115114570937008,
    0.00013167221895789904
  ]
}