{
  "epochs": [
    1,
    2,
    3,
    4,
    5,
    6,
    7,
    8,
    9,
    10,
    11,
    12,
    13,
    14,
    15,
    16,
    17,
    18
  ],
  "train_loss": [
    3.398,
    3.248,
    3.235,
    3.227,
    3.217,
    3.212,
    3.207,
    3.198,
    3.193,
    3.188,
    3.182,
    3.177,
    3.175,
    3.171,
    3.168,
    3.166,
    3.165,
    3.163
  ],
  "valid_loss": [
    3.481,
    3.466,
    3.479,
    3.486,
    3.489,
    3.497,
    3.489,
    3.524,
    3.499,
    3.489,
    3.498,
    3.507,
    3.501,
    3.498,
    3.5,
    3.499,
    3.499,
    3.498
  ],
  "train_ppl": [
    0,
    0,
    0,
    0,
    0,
    0,
    0,
    0,
    0,
    0,
    0,
    0,
    0,
    0,
    0,
    0,
    0,
    0
  ],
  "valid_ppl": [
    0,
    0,
    0,
    0,
    0,
    0,
    0,
    0,
    0,
    0,
    0,
    0,
    0,
    0,
    0,
    0,
    0,
    0
  ],
  "learning_rate": [
    0.0004,
    0.000392,
    0.00037647679999999994,
    0.0003543369523455999,
    0.00032682912275501866,
    0.00029542764105816143,
    0.0002617023249279969,
    0.00022719047038002367,
    0.00019328525128228655,
    0.00016115114570937008,
    0.00013167221895789904,
    0.00010543407374238138,
    8.27358809171348e-05,
    6.362574482043443e-05,
    4.795102985425887e-05,
    3.541514909038294e-05,
    2.5633404186062566e-05,
    1.8182331530480257e-05
  ],
  "test_results": {
    "avg_loss": 7.9390129325095184,
    "acc1": 0.7786032689450223,
    "acc5": 2.6827246422147493,
    "acc1_any": 0.7786032689450223,
    "acc5_any": 2.6827246422147493
  }
}